commentId,parentId,commentTxt,userName,commentTime,segmentedTxt
64509653,64509567,你这样的大反指出手我放心了【 在 xlzero (megatron) 的大作中提到: 】: 不然渡轮云为何如此疯狂:: 好像秋后的蚂蚱，没几天可蹦跶了--☆ 发自 iPhone 大灌 20.11.08--,zmimy02, 2022年05月18日19:02:26,你 这样 的 大反 指出 手 我 放心 了 【   在   xlzero   ( megatron )   的 大作 中 提到 :   】 :   不然 渡轮 云 为何 如此 疯狂 : :   好像 秋后 的 蚂蚱 ， 没 几天 可 蹦 跶 了 -- ☆   发自   iPhone   大灌   20.11 . 08 --
64509651,64504379,【 在 robck (万廷) 的大作中提到: 】: 土共宣传的国家利益高于每个公民自身的个人利益，这个观点就是有问题的。在美国虽: 然也讲爱国，但基本上没有人拿着国家利益的幌子强迫你干任何事，比如强制隔离，计: 划生育之类的。西方国家一般有公投独立的机制，这也就是允许你为了自己过的更好，: 可以支持国家分裂。你显然忽略了一个历史事实，就是林肯为何不允许南方独立，这也是违背南方选民立场的。战争就是制止分裂的行为。--,yuaner2, 2022年05月18日19:02:25,【   在   robck   ( 万廷 )   的 大作 中 提到 :   】 :   土共 宣传 的 国家 利益 高于 每个 公民 自身 的 个人利益 ， 这个 观点 就是 有 问题 的 。 在 美国 虽 :   然 也 讲 爱国 ， 但 基本上 没有 人 拿 着 国家 利益 的 幌子 强迫 你 干 任何 事 ， 比如 强制 隔离 ， 计 :   划 生育 之类 的 。 西方 国家 一般 有 公投 独立 的 机制 ， 这 也 就是 允许 你 为了 自己 过 的 更好 ， :   可以 支持 国家 分裂 。 你 显然 忽略 了 一个 历史事实 ， 就是 林肯 为何 不 允许 南方 独立 ， 这 也 是 违背 南方 选民 立场 的 。 战争 就是 制止 分裂 的 行为 。 --
64509649,64509649,无为而治，烹小鲜。希望党国认识到这一点。但是这正是难点，政府干预经济，钱从哪儿来？--,NoDinner, 2022年05月18日19:02:20,无为而治 ， 烹小鲜 。 希望 党国 认识 到 这 一点 。 但是 这 正是 难点 ， 政府 干预 经济 ， 钱 从 哪儿 来 ？ --
64509647,64509595,第一次是亏了几个亿吧，老婆替他还上了，第二次亏了几千万，又替他还了，这一次不知道是多少，刘涛受不了了【 在 cards (cardinals) 的大作中提到: 】: 尼玛她老公这是第几回亏得血本无归了--,costco, 2022年05月18日19:02:12,第一次 是 亏了 几个 亿 吧 ， 老婆 替 他 还 上 了 ， 第二次 亏了 几千万 ， 又 替 他 还 了 ， 这 一次 不 知道 是 多少 ， 刘涛 受不了 了 【   在   cards   ( cardinals )   的 大作 中 提到 :   】 :   尼玛 她 老公 这是 第几回 亏得 血本无归 了 --
64509645,64509595,她老公是故意的吧？呵呵--,Piloteer, 2022年05月18日19:02:10,她 老公 是 故意 的 吧 ？ 呵呵 --
64509643,64509283,整整“笑得春风跟着用力摇”--,catCharles, 2022年05月18日19:01:49,整整 “ 笑 得 春风 跟着 用力 摇 ” --
64509641,64509155,每个人平均60万的包裹，这下就省掉近一个亿--,harubashi, 2022年05月18日19:01:43,每个 人 平均 60 万 的 包裹 ， 这下 就 省掉 近 一个亿 --
64509639,64507061,互联网泡泡破了，这学校要衰弱【 在 littlefish20(littlefish2000) 的大作中提到: 】<br>: 加拿大蓝翔，上五年有一年实习。培养的是程序员，不是计算机科学家。但好找工作。<br>: 毕业就有一年工作经验。很多公司喜欢。<br>--,Piloteer, 2022年05月18日19:01:25,互联网 泡泡 破 了 ， 这 学校 要 衰弱 【   在   littlefish20 ( littlefish2000 )   的 大作 中 提到 :   】 < br > :   加拿大 蓝翔 ， 上 五年 有 一年 实习 。 培养 的 是 程序员 ， 不是 计算机 科学家 。 但 好找 工作 。 < br > :   毕业 就 有 一年 工作 经验 。 很多 公司 喜欢 。 < br > --
64509637,64509595,有刘涛补血，赚大了【 在 cards (cardinals) 的大作中提到: 】: 尼玛她老公这是第几回亏得--☆ 发自 iPhone 大灌 20.11.08--,zmimy02, 2022年05月18日19:01:18,有 刘涛 补血 ， 赚大 了 【   在   cards   ( cardinals )   的 大作 中 提到 :   】 :   尼玛 她 老公 这是 第几回 亏得 -- ☆   发自   iPhone   大灌   20.11 . 08 --
64509635,64509595,刘涛在牛也经不起这老公败家啊，最近一次是贾要停吧【 在 cards (cardinals) 的大作中提到: 】: 尼玛她老公这是第几回亏得血本无归了--☆ 发自 Android 大灌 20.11.08--,dinassor, 2022年05月18日19:01:17,刘涛 在 牛 也 经不起 这 老公 败家 啊 ， 最近 一次 是 贾要 停 吧 【   在   cards   ( cardinals )   的 大作 中 提到 :   】 :   尼玛 她 老公 这是 第几回 亏得 血本无归 了 -- ☆   发自   Android   大灌   20.11 . 08 --
64509633,64508485,你们对吧--,lubbock12, 2022年05月18日18:59:54,你们 对 吧 --
64509631,64509595,尼玛她老公这是第几回亏得血本无归了--,cards, 2022年05月18日18:59:48,尼玛 她 老公 这是 第几回 亏得 血本无归 了 --
64509629,64509629,"俄政治学者：若俄罗斯战败 中国将参与瓜分俄罗斯媒体""真理在线""援引该国一名政治学者报道称，俄罗斯其实一个盟友都没有，中国也不是。俄罗斯官方电视台上也出现类似的罕见声音。(德国之声中文网）在刚刚结束的七国集团（G7）外长会议上，与会者明确呼吁中国不要支持俄罗斯对乌克兰的战争。近期的一项民调也显示，中国大多数网民认为，""在俄乌冲突中支持俄罗斯""符合中国的国家利益，显现了中国的亲俄信息环境对网民的影响。然而，号称""友好无止境，合作无上限""的中俄似乎正在释放疏远彼此的信号。据俄罗斯媒体""真理在线（pravda.ru）""本周一（5月16日）报道，在俄罗斯政治学者苏斯达尔采夫（Andrei Susdalzew）看来，中国并不是俄罗斯的""盟友""。苏斯达尔采夫向该网站表示：""中国在非常谨慎地支持我们，它不反对我们，但也没有帮助我们。如果我们赢了，中国将站在我们这边，但是如果我们输了，尤其是输得很惨的时候，中国估计也将参与瓜分掠夺俄罗斯。""这名学者还指出，中国国家主席习近平并没有前往莫斯科，尽管这将被视为支持的信号，苏斯达尔采夫得出结论：""事实证明，我们应该再次相信我们并没有盟友。""""完全被孤立""无独有偶，俄罗斯国家电视台上也罕见出现了专家强调俄罗斯遭到全世界反对的画面。俄罗斯军事分析家、退役上校霍达仁诺克（Mikhail Khodarenok）周二晚在俄罗斯-1（Rossiya 1）频道的谈话性节目""60分钟""里警告俄军的战争情势正在恶化。这名军事专家虽然没有直接点名中国，但他表示：""我们完全处于政治孤立之中，虽然我们不愿承认，但实际上全世界都在反对我们，我们必须摆脱这种局面。""相关报道也出现在诸如网易一类的的中国综合门户网站。其中一篇名为""俄电视台出现罕见画面，退役上校称俄罗斯已被孤立，嘉宾一片沉默""的文章写道：""一些人认为，这可能是有意为之，俄罗斯可能正在逐步转变风向，让民众为'特别军事行动'的负面消息做好准备，接受无法达成既定目标的现实。""中国驻乌克兰前大使：俄罗斯已显露败像同样不看好俄罗斯的是中国驻乌克兰前大使高玉生。他日前在一场研讨会上分析俄乌战争的走势和对国际秩序的影响，认为俄罗斯已显露败象。其发言被凤凰网等媒体转载，但也随之遭到删除。在中国国际金融30人论坛暨中国社科院国际研究学部主办的这场研讨会上，高玉生指出，俄走向失败主要因为苏联解体后俄罗斯始终处于持续衰落的历史进程中、俄闪电战的失败、俄已失去了战略主导和主动权等五个原因。德广联旗下的巴伐利亚广播电视台（BR）也注意到了高玉生的表态并猜测，这是一位退休外交官的个人意见，还是中国正悄悄疏远普京的俄罗斯？--",davidwright, 2022年05月18日18:59:31,"俄 政治 学者 ： 若 俄罗斯 战败   中国 将 参与 瓜分 俄罗斯 媒体 "" 真理 在线 "" 援引 该国 一名 政治 学者 报道 称 ， 俄罗斯 其实 一个 盟友 都 没有 ， 中国 也 不是 。 俄罗斯 官方 电视台 上 也 出现 类似 的 罕见 声音 。 ( 德国 之声 中文网 ） 在 刚刚 结束 的 七国集团 （ G7 ） 外长 会议 上 ， 与会者 明确 呼吁 中国 不要 支持 俄罗斯 对 乌克兰 的 战争 。 近期 的 一项 民调 也 显示 ， 中国 大多数 网民 认为 ， "" 在 俄 乌 冲突 中 支持 俄罗斯 "" 符合中国 的 国家 利益 ， 显现 了 中国 的 亲 俄 信息 环境 对 网民 的 影响 。 然而 ， 号称 "" 友好 无止境 ， 合作 无 上限 "" 的 中 俄 似乎 正在 释放 疏远 彼此 的 信号 。 据 俄罗斯 媒体 "" 真理 在线 （ pravda . ru ） "" 本周一 （ 5 月 16 日 ） 报道 ， 在 俄罗斯 政治 学者 苏 斯达尔 采夫 （ Andrei   Susdalzew ） 看来 ， 中国 并 不是 俄罗斯 的 "" 盟友 "" 。 苏 斯达尔 采夫 向 该 网站 表示 ： "" 中国 在 非常 谨慎 地 支持 我们 ， 它 不 反对 我们 ， 但 也 没有 帮助 我们 。 如果 我们 赢 了 ， 中国 将 站 在 我们 这边 ， 但是 如果 我们 输 了 ， 尤其 是 输得 很惨 的 时候 ， 中国 估计 也 将 参与 瓜分 掠夺 俄罗斯 。 "" 这名 学者 还 指出 ， 中国 国家 主席 习近平 并 没有 前往 莫斯科 ， 尽管 这 将 被 视为 支持 的 信号 ， 苏 斯达尔 采夫 得出结论 ： "" 事实证明 ， 我们 应该 再次 相信 我们 并 没有 盟友 。 "" "" 完全 被 孤立 "" 无独有偶 ， 俄罗斯 国家 电视台 上 也 罕见 出现 了 专家 强调 俄罗斯 遭到 全世界 反对 的 画面 。 俄罗斯 军事 分析家 、 退役 上校 霍达仁 诺克 （ Mikhail   Khodarenok ） 周二 晚 在 俄罗斯 - 1 （ Rossiya   1 ） 频道 的 谈话 性 节目 "" 60 分钟 "" 里 警告 俄军 的 战争 情势 正在 恶化 。 这名 军事 专家 虽然 没有 直接 点名 中国 ， 但 他 表示 ： "" 我们 完全 处于 政治 孤立 之中 ， 虽然 我们 不愿 承认 ， 但 实际上 全世界 都 在 反对 我们 ， 我们 必须 摆脱 这种 局面 。 "" 相关 报道 也 出现 在 诸如 网易 一类 的 的 中国 综合 门户网站 。 其中 一篇 名为 "" 俄 电视台 出现 罕见 画面 ， 退役 上校 称 俄罗斯 已 被 孤立 ， 嘉宾 一片 沉默 "" 的 文章 写道 ： "" 一些 人 认为 ， 这 可能 是 有意 为 之 ， 俄罗斯 可能 正在 逐步 转变 风向 ， 让 民众 为 ' 特别 军事行动 ' 的 负面 消息 做好 准备 ， 接受 无法 达成 既定目标 的 现实 。 "" 中国 驻 乌克兰 前 大使 ： 俄罗斯 已 显露 败像 同样 不 看好 俄罗斯 的 是 中国 驻 乌克兰 前 大使 高玉生 。 他 日前 在 一场 研讨会 上 分析 俄乌 战争 的 走势 和 对 国际 秩序 的 影响 ， 认为 俄罗斯 已 显露 败象 。 其 发言 被 凤凰网 等 媒体 转载 ， 但 也 随之 遭到 删除 。 在 中国 国际金融 30 人 论坛 暨 中国社科院 国际 研究 学部 主办 的 这场 研讨会 上 ， 高玉生 指出 ， 俄 走向 失败 主要 因为 苏联 解体 后 俄罗斯 始终 处于 持续 衰落 的 历史进程 中 、 俄 闪电战 的 失败 、 俄已 失去 了 战略 主导 和 主动权 等 五个 原因 。 德 广联 旗下 的 巴伐利亚 广播 电视台 （ BR ） 也 注意 到 了 高玉生 的 表态 并 猜测 ， 这是 一位 退休 外交官 的 个人 意见 ， 还是 中国 正 悄悄 疏远 普京 的 俄罗斯 ？ --"
64509627,64509209,嘿嘿小心遭老天爷的报应【 在 HiYou(假装在美国) 的大作中提到: 】<br>: 个穷逼<br>--,Ecclesia, 2022年05月18日18:59:06,嘿嘿 小心 遭 老天爷 的 报应 【   在   HiYou ( 假装 在 美国 )   的 大作 中 提到 :   】 < br > :   个 穷 逼 < br > --
64509625,64504379,【 在 robck (万廷) 的大作中提到: 】: 土共宣传的国家利益高于每个公民自身的个人利益，这个观点就是有问题的。在美国虽: 然也讲爱国，但基本上没有人拿着国家利益的幌子强迫你干任何事，比如强制隔离，计: 划生育之类的。西方国家一般有公投独立的机制，这也就是允许你为了自己过的更好，: 可以支持国家分裂。我明白，这个论题就是如果你真的支持民主自由，你应该随顺民意。我出于好奇去查了王丹的意见，王丹今天支持台湾独立，是从台湾太阳花运动以后他的态度明确支持分裂。在这之前他支持统一。台湾民意是要独立的，大陆民意是否也应该算民意呢？如果你认为大陆没有民意就不谈了。如果大陆民意也是民意，你就很难说。--,yuaner2, 2022年05月18日18:59:01,【   在   robck   ( 万廷 )   的 大作 中 提到 :   】 :   土共 宣传 的 国家 利益 高于 每个 公民 自身 的 个人利益 ， 这个 观点 就是 有 问题 的 。 在 美国 虽 :   然 也 讲 爱国 ， 但 基本上 没有 人 拿 着 国家 利益 的 幌子 强迫 你 干 任何 事 ， 比如 强制 隔离 ， 计 :   划 生育 之类 的 。 西方 国家 一般 有 公投 独立 的 机制 ， 这 也 就是 允许 你 为了 自己 过 的 更好 ， :   可以 支持 国家 分裂 。 我 明白 ， 这个 论题 就是 如果 你 真的 支持 民主自由 ， 你 应该 随顺 民意 。 我 出于 好奇 去查 了 王丹 的 意见 ， 王丹 今天 支持 台湾独立 ， 是从 台湾 太阳 花 运动 以后 他 的 态度 明确 支持 分裂 。 在 这 之前 他 支持 统一 。 台湾 民意 是 要 独立 的 ， 大陆 民意 是否 也 应该 算 民意 呢 ？ 如果 你 认为 大陆 没有 民意 就 不谈 了 。 如果 大陆 民意 也 是 民意 ， 你 就 很难说 。 --
64509623,64503361,什么义务？这就是个模棱两可的借口而已。特朗普挑起发动了对华贸易战，其很多政策措施也是违反世界贸易组织规则的，但是中国并没有因此而考虑退出世界贸易组织，中国仍然支持自由贸易。特朗普政府阻挠世界贸易组织的上诉机构法官遴选，造成WTO争端解决机制停摆，特朗普还威胁退出WTO，反对奥孔乔-伊韦阿拉出任世界贸易组织总干事。拜登就职美国总统后，做出了一些改变，奥孔乔-伊韦阿拉顺利担任新一届世界贸易组织总干事。但世贸组织的争端解决机制上诉机构仍然处于停摆状态。俄罗斯计划退出世贸组织和世界卫生组织，看来普京与特朗普还真是类似啊。【 在 loom (loom) 的大作中提到: 】: 人声明里不是说了吗，“它们忽视了与我们国家有关的所有义务”。: 具体是啥，俄国不吱声，欧美媒体也不会报道。【 在 truth (翠溪·永乐·民主·枫林·桃园·红卫) 的大作中提到: 】: 普京这是要模仿特朗普么？: 在乌克兰战争爆发后，西方国家在经济、金融、贸易等方面制裁俄罗斯，世界贸易组织: （WTO）对此也无能为力。但是，世界卫生组织（WHO）又哪里惹俄国了？世卫组织: 在卫生领域并没有制裁俄罗斯。: 此前，俄罗斯已经退出了世界旅游组织、欧洲委员会、波罗的海国家理事会等国际组织: 和机构。--,truth, 2022年05月18日18:59:00,什么 义务 ？ 这 就是 个 模棱两可 的 借口 而已 。 特朗普 挑起 发动 了 对华贸易 战 ， 其 很多 政策措施 也 是 违反 世界贸易组织 规则 的 ， 但是 中国 并 没有 因此 而 考虑 退出 世界贸易组织 ， 中国 仍然 支持 自由贸易 。 特朗普 政府 阻挠 世界贸易组织 的 上诉 机构 法官 遴选 ， 造成 WTO 争端 解决 机制 停摆 ， 特朗普 还 威胁 退出 WTO ， 反对 奥孔乔 - 伊韦 阿拉 出任 世界贸易组织 总干事 。 拜登 就职 美国 总统 后 ， 做出 了 一些 改变 ， 奥孔乔 - 伊韦 阿拉 顺利 担任 新一届 世界贸易组织 总干事 。 但 世贸组织 的 争端 解决 机制 上诉 机构 仍然 处于 停摆 状态 。 俄罗斯 计划 退出 世贸组织 和 世界卫生组织 ， 看来 普京 与 特朗普 还 真是 类似 啊 。 【   在   loom   ( loom )   的 大作 中 提到 :   】 :   人 声明 里 不是 说 了 吗 ， “ 它们 忽视 了 与 我们 国家有关 的 所有 义务 ” 。 :   具体 是 啥 ， 俄国 不 吱声 ， 欧美 媒体 也 不会 报道 。 【   在   truth   ( 翠溪 · 永乐 · 民主 · 枫林 · 桃园 · 红卫 )   的 大作 中 提到 :   】 :   普京 这 是 要 模仿 特朗普 么 ？ :   在 乌克兰 战争 爆发 后 ， 西方 国家 在 经济 、 金融 、 贸易 等 方面 制裁 俄罗斯 ， 世界贸易组织 :   （ WTO ） 对此 也 无能为力 。 但是 ， 世界卫生组织 （ WHO ） 又 哪里 惹 俄国 了 ？ 世卫 组织 :   在 卫生领域 并 没有 制裁 俄罗斯 。 :   此前 ， 俄罗斯 已经 退出 了 世界旅游组织 、 欧洲委员会 、 波罗的海 国家 理事会 等 国际 组织 :   和 机构 。 --
64509621,64509283,切尔西整整也是美女。【 在 mandai (武统台湾刻不容缓，1450太贱) 的大作中提到: 】: 男克不丑，但他女儿七二烯确实不好看。: : 男克丑吗？:--☆ 发自 iPhone 买买提 1.24.11--,TheMatrix, 2022年05月18日18:58:50,切尔西 整整 也 是 美女 。 【   在   mandai   ( 武统 台湾 刻不容缓 ， 1450 太贱 )   的 大作 中 提到 :   】 :   男克 不 丑 ， 但 他 女儿 七二烯 确实 不 好看 。 :   :   男克丑 吗 ？ : -- ☆   发自   iPhone   买买提   1.24 . 11 --
64509619,64509595,票圈传疯了【 在 costco (我是一袋天蕉) 的大作中提到: 】: 哪里的消息？她那个老公简直就是渣渣--☆ 发自 Android 大灌 20.11.08--,dinassor, 2022年05月18日18:58:39,票圈 传 疯 了 【   在   costco   ( 我 是 一袋 天蕉 )   的 大作 中 提到 :   】 :   哪里 的 消息 ？ 她 那个 老公 简直 就是 渣 渣 -- ☆   发自   Android   大灌   20.11 . 08 --
64509615,64509567,不要跑了四皮！--,costco, 2022年05月18日18:58:13,不要 跑 了 四皮 ！ --
64509613,64509383,苏联给俄罗斯埋了太多的雷先是把第聂伯河东岸最富庶的地区连带黑海沿岸包括敖德萨这些俄族人为主地区一股脑赏赐给乌克兰。凭空造出一个大乌克兰国。接着是从波兰手里抢来乌西部利沃夫地区。顺带还从匈牙利和罗马尼亚那里弄了些地，也都给了乌克兰。最后就是赫秃子送克里米亚。所有这些土地都是俄罗斯人用无数鲜血生命换来的。送出去的土地最后换来的却是乌克兰人的仇恨。包括被波兰匈牙利和罗马尼亚的仇恨。而这些国家反到不恨乌克兰。虽然乌克兰现在占着它们的故土。当年斯大林其实如果有点远见，应该在乌克兰和那几个现在的北约国家之间制造一个缓冲地带，把边境一窄条给俄罗斯，这样就能有效隔绝乌克兰同那些国家的直接联系。类似现在德左把乌克兰和罗马尼亚分开。这是最简单有效的办法。同样的，当年如果从立陶宛划出一条，建立加里宁格勒到俄罗斯本土的走廊，就不会像今天这么被动。还有效隔绝立陶宛和波兰的串联。甚至在当初立陶宛要闹独立时候，苏联手里其实还是有牌可以打的，就是要求立陶宛割让走廊给俄罗斯作为条件。否则就别想独立。毕竟军队在苏联手里控制。但是老戈这个败类对自己在西方的形象的关心超过对国家利益的关心。就这么乖乖出卖了全体国民的利益。不是卖一次，而是多次反复出卖。直到把国家彻底败光。另外送乌西这些亲波兰的地区给乌克兰实际上是严重助长分离主义势力的。所以俄罗斯人现在真是肠子都悔青了【 在 didadida (滴滴嗒嗒) 的大作中提到: 】: 被抢去的土地不仅是工业区，而且是黑土地: 西乌克兰的利沃夫一带虽然是农业区，土地并不肥沃，斯大林从波兰抢西乌克兰真是瞎: 了狗眼了--☆ 发自 iPhone 买买提 1.24.11--※ 修改:·Dashabi1 於 May 18 18:59:29 2022 修改本文·[FROM: 155.],Dashabi1, 2022年05月18日18:58:03,苏联 给 俄罗斯 埋 了 太 多 的 雷 先是 把 第聂伯河 东岸 最 富庶 的 地区 连带 黑海 沿岸 包括 敖德萨 这些 俄 族人 为主 地区 一股脑 赏赐 给 乌克兰 。 凭空 造 出 一个 大 乌克兰 国 。 接着 是从 波兰 手里 抢来 乌 西部 利沃夫 地区 。 顺带 还 从 匈牙利 和 罗马尼亚 那里 弄 了 些 地 ， 也 都 给 了 乌克兰 。 最后 就是 赫 秃子 送 克里米亚 。 所有 这些 土地 都 是 俄罗斯 人用 无数 鲜血 生命 换来 的 。 送出去 的 土地 最后 换来 的 却是 乌克兰人 的 仇恨 。 包括 被 波兰 匈牙利 和 罗马尼亚 的 仇恨 。 而 这些 国家 反到 不恨 乌克兰 。 虽然 乌克兰 现在 占 着 它们 的 故土 。 当年 斯大林 其实 如果 有点 远见 ， 应该 在 乌克兰 和 那 几个 现在 的 北约 国家 之间 制造 一个 缓冲地带 ， 把 边境 一 窄条 给 俄罗斯 ， 这样 就 能 有效 隔绝 乌克兰 同 那些 国家 的 直接 联系 。 类似 现在 德 左 把 乌克兰 和 罗马尼亚 分开 。 这 是 最 简单 有效 的 办法 。 同样 的 ， 当年 如果 从 立陶宛 划出 一条 ， 建立 加里宁格勒 到 俄罗斯 本土 的 走廊 ， 就 不会 像 今天 这么 被动 。 还 有效 隔绝 立陶宛 和 波兰 的 串联 。 甚至 在 当初 立陶宛 要 闹 独立 时候 ， 苏联 手里 其实 还是 有牌 可以 打 的 ， 就是 要求 立陶宛 割让 走廊 给 俄罗斯 作为 条件 。 否则 就别 想 独立 。 毕竟 军队 在 苏联 手里 控制 。 但是 老戈 这个 败类 对 自己 在 西方 的 形象 的 关心 超过 对 国家 利益 的 关心 。 就 这么 乖乖 出卖 了 全体 国民 的 利益 。 不是 卖 一次 ， 而是 多次 反复 出卖 。 直到 把 国家 彻底 败光 。 另外 送 乌西 这些 亲 波兰 的 地区 给 乌克兰 实际上 是 严重 助长 分离主义 势力 的 。 所以 俄罗斯 人 现在 真是 肠子 都悔青 了 【   在   didadida   ( 滴滴嗒嗒 )   的 大作 中 提到 :   】 :   被 抢 去 的 土地 不仅 是 工业区 ， 而且 是 黑土地 :   西 乌克兰 的 利沃夫 一带 虽然 是 农业区 ， 土地 并 不 肥沃 ， 斯大林 从 波兰 抢西 乌克兰 真是 瞎 :   了 狗眼 了 -- ☆   发自   iPhone   买买提   1.24 . 11 -- ※   修改 : · Dashabi1   於   May   18   18 : 59 : 29   2022   修改 本文 · [ FROM :   155 . ]
64509609,64509597,应该去广西，云南人民顾及不会让丫的出昆明【 在 lubbock12 (非老非小将) 的大作中提到: 】: 护国军发动二次革命？--☆ 发自 Android 大灌 20.11.08--,dinassor, 2022年05月18日18:57:52,应该 去 广西 ， 云南 人民 顾及 不会 让 丫 的 出 昆明 【   在   lubbock12   ( 非老非 小将 )   的 大作 中 提到 :   】 :   护国军 发动 二次革命 ？ -- ☆   发自   Android   大灌   20.11 . 08 --
64509607,64509607,--,harubashi, 2022年05月18日18:57:45,--
64509605,64509167,我附近这个店的还可以 但是Walmart和Kroger的很差【 在 jojoyz(jojoyz) 的大作中提到: 】<br>: 我这8.99刀一个，不大，不知你们是否感觉美国西瓜吃不出新鲜味，以前回国吃的西瓜<br>: ，那才叫新鲜<br>--,Ecclesia, 2022年05月18日18:57:40,我 附近 这个 店 的 还 可以   但是 Walmart 和 Kroger 的 很 差 【   在   jojoyz ( jojoyz )   的 大作 中 提到 :   】 < br > :   我 这 8.99 刀 一个 ， 不 大 ， 不知 你们 是否 感觉 美国 西瓜 吃不出 新鲜味 ， 以前 回国 吃 的 西瓜 < br > :   ， 那才 叫 新鲜 < br > --
64509603,64509595,哪里的消息？她那个老公简直就是渣渣--,costco, 2022年05月18日18:57:33,哪里 的 消息 ？ 她 那个 老公 简直 就是 渣 渣 --
64509601,64509595,可以了，这么多年的优质炮，一修斯之--,emoryustc, 2022年05月18日18:57:25,可以 了 ， 这么 多年 的 优质 炮 ， 一修斯 之 --
64509599,64509567,乌克兰亡国了吗？你这脸皮厚的--☆ 发自 iPhone 买买提 1.24.11--,Scolari, 2022年05月18日18:56:58,乌克兰 亡国 了 吗 ？ 你 这 脸皮厚 的 -- ☆   发自   iPhone   买买提   1.24 . 11 --
64509597,64509597,护国军发动二次革命？--,lubbock12, 2022年05月18日18:56:48,护国军 发动 二次革命 ？ --
64509595,64509595,伪富豪老公炒比失败--☆ 发自 Android 大灌 20.11.08--,dinassor, 2022年05月18日18:56:30,伪 富豪 老公 炒 比 失败 -- ☆   发自   Android   大灌   20.11 . 08 --
64509593,64509507,尼玛，关键是有没有从实力角度【 在 kazan(喀山) 的大作中提到: 】<br>: 通话中沙利文突然对杨洁篪提出肛交要求<br>--※ 修改:·emoryustc 於 May 18 19:03:23 2022 修改本文·[FROM: 67.],emoryustc, 2022年05月18日18:56:04,尼玛 ， 关键 是 有没有 从 实力 角度 【   在   kazan ( 喀山 )   的 大作 中 提到 :   】 < br > :   通话 中 沙利文 突然 对 杨洁篪 提出 肛交 要求 < br > -- ※   修改 : · emoryustc   於   May   18   19 : 03 : 23   2022   修改 本文 · [ FROM :   67 . ]
64509591,64509591,。--,YrMomsIstBF, 2022年05月18日18:55:46,。 --
64509589,64509563,还是在位好，拳民都有感动自己的情怀，包叔不倒可以供大家抒发感动用【 在 harubashi (春橋) 的大作中提到: 】: 做个昭通地区书记，每天上山下岗，访贫问寒，掀被子，揭盖子，解放这么多年了，群: 众们的生活还是这么苦，感动自己。--,fmj, 2022年05月18日18:55:27,还是 在位 好 ， 拳民 都 有 感动 自己 的 情怀 ， 包叔 不 倒 可以 供 大家 抒发 感动 用 【   在   harubashi   ( 春橋 )   的 大作 中 提到 :   】 :   做个 昭通 地区 书记 ， 每天 上山 下岗 ， 访贫 问寒 ， 掀 被子 ， 揭盖子 ， 解放 这么 多年 了 ， 群 :   众们 的 生活 还是 这么 苦 ， 感动 自己 。 --
64509587,64509519,美国人平均每天commute单程16 miles，单程30分钟差不多每天两加仑汽油每天几亿加仑的刚需【 在 AprilWind (Farmall) 的大作中提到: 】: 十块，还是三十块的时候才能达到骑驴的水平？五块似乎没什么大影响嘛。--☆ 发自 iPhone 买买提 1.24.11--,Wagyu, 2022年05月18日18:55:22,美国 人 平均 每天 commute 单程 16   miles ， 单程 30 分钟 差不多 每天 两 加仑 汽油 每天 几亿 加仑 的 刚 需 【   在   AprilWind   ( Farmall )   的 大作 中 提到 :   】 :   十块 ， 还是 三十块 的 时候 才能 达到 骑驴 的 水平 ？ 五块 似乎 没什么 大 影响 嘛 。 -- ☆   发自   iPhone   买买提   1.24 . 11 --
64509585,64509255,还要唱出来--,catCharles, 2022年05月18日18:55:19,还要 唱出来 --
64509583,64502605,参与东航事故调查人员都没有向媒体发布有关调查进展。参与的才几个人吧，那没参与的呐？要是向朋友透露呐，自媒体透露呐？【 在 tmbb2012 (tmbb2012) 的大作中提到: 】: 记者5月18日从中国民航局获悉，近期，有美国媒体发布关于“3·21”东航MU5735航空: 器飞行事故原因的相关报道，经中国民航局与美国国家运输安全委员会参与事故调查人: 员证实，对方明确表示，未向任何媒体发布有关调查信息。中国民航局表示，将继续与: 参与调查的各方保持密切沟通，科学严谨有序地开展事故调查工作，并按照《国际民航: 公约》和政府信息公开相关要求，及时、准确发布事故调查情况进展和相关信息。--☆ 发自 iPhone 买买提 1.24.11--,lgw, 2022年05月18日18:55:03,参与 东航 事故 调查 人员 都 没有 向 媒体 发布 有关 调查 进展 。 参与 的 才 几个 人 吧 ， 那 没 参与 的 呐 ？ 要是 向 朋友 透露 呐 ， 自 媒体 透露 呐 ？ 【   在   tmbb2012   ( tmbb2012 )   的 大作 中 提到 :   】 :   记者 5 月 18 日 从 中国 民航局 获悉 ， 近期 ， 有 美国 媒体 发布 关于 “ 3 · 21 ” 东航 MU5735 航空 :   器 飞行 事故 原因 的 相关 报道 ， 经 中国 民航局 与 美国 国家 运输 安全 委员会 参与 事故 调查 人 :   员 证实 ， 对方 明确 表示 ， 未向 任何 媒体 发布 有关 调查 信息 。 中国 民航局 表示 ， 将 继续 与 :   参与 调查 的 各方 保持 密切 沟通 ， 科学 严谨 有序 地 开展 事故 调查 工作 ， 并 按照 《 国际 民航 :   公约 》 和 政府 信息 公开 相关 要求 ， 及时 、 准确 发布 事故 调查 情况 进展 和 相关 信息 。 -- ☆   发自   iPhone   买买提   1.24 . 11 --
64509581,64509563,被吃掉5种水果云南恼火--,catCharles, 2022年05月18日18:54:25,被 吃掉 5 种 水果 云南 恼火 --
64509579,64509431,我看行。科大女屁股都大，走路登登的。清华女就差多了--,NoDinner, 2022年05月18日18:54:03,我 看行 。 科大 女 屁股 都 大 ， 走路 登登 的 。 清华 女 就 差 多 了 --
64509577,64507061,加拿大蓝翔，上五年有一年实习。培养的是程序员，不是计算机科学家。但好找工作。毕业就有一年工作经验。很多公司喜欢。--,littlefish20, 2022年05月18日18:53:52,加拿大 蓝翔 ， 上 五年 有 一年 实习 。 培养 的 是 程序员 ， 不是 计算机 科学家 。 但 好找 工作 。 毕业 就 有 一年 工作 经验 。 很多 公司 喜欢 。 --
64509575,64509507,互相骂了几句娘，说好不动手--,bread2222, 2022年05月18日18:53:23,互相 骂 了 几句 娘 ， 说好 不 动手 --
64509573,64509519,白主席表面着急，内心窃喜，终于可以实现减排保护地球的伟大理想了。【 在 costco (我是一袋天蕉) 的大作中提到: 】: 白等现在心里烧了火了，可是不知道怎么办--,AprilWind, 2022年05月18日18:53:18,白 主席 表面 着急 ， 内心 窃喜 ， 终于 可以 实现 减排 保护 地球 的 伟大 理想 了 。 【   在   costco   ( 我 是 一袋 天蕉 )   的 大作 中 提到 :   】 :   白等 现在 心里 烧 了 火 了 ， 可是 不 知道 怎么办 --
64509571,64444333,fda办事什么时候靠证据？--,QuantSoldier, 2022年05月18日18:53:05,fda 办事 什么 时候 靠 证据 ？ --
64509569,64494475,这可不是土共的原创，这是商鞅的原创，中华文明的主要组成部分。好好学习中华文化，就不会问这些傻问题，干傻事儿了。没有包子，也有饺子。过去的几十年是中华鲜有的时代，毛时代才是常态。“以善民治奸民，国削至乱；以奸民治善民，国治至强。”“民强国弱，民弱国强。治国之道，首在弱民。”“以善治民，则民亲亲；以奸治民，则民亲制。”“重赏轻刑，民不爱上；重刑轻赏，则民爱上。”--※ 修改:·skybluewei 於 May 18 19:01:29 2022 修改本文·[FROM: 108.],skybluewei, 2022年05月18日18:52:41,这 可不是 土共 的 原创 ， 这是 商鞅 的 原创 ， 中华文明 的 主要 组成部分 。 好好学习 中华文化 ， 就 不会 问 这些 傻 问题 ， 干 傻 事儿 了 。 没有 包子 ， 也 有 饺子 。 过去 的 几十年 是 中华 鲜有 的 时代 ， 毛 时代 才 是 常态 。 “ 以善 民治 奸民 ， 国削 至 乱 ； 以奸 民治 善民 ， 国治至 强 。 ” “ 民 强国 弱 ， 民 弱国 强 。 治国 之道 ， 首在 弱民 。 ” “ 以善 治民 ， 则 民 亲亲 ； 以奸 治民 ， 则 民亲制 。 ” “ 重赏 轻刑 ， 民不爱 上 ； 重刑 轻赏 ， 则 民爱上 。 ” -- ※   修改 : · skybluewei   於   May   18   19 : 01 : 29   2022   修改 本文 · [ FROM :   108 . ]
64509567,64509567,不然渡轮云为何如此疯狂好像秋后的蚂蚱，没几天可蹦跶了--,xlzero, 2022年05月18日18:52:36,不然 渡轮 云 为何 如此 疯狂 好像 秋后 的 蚂蚱 ， 没 几天 可 蹦 跶 了 --
64509565,64509539,别意淫了，今天人民日报通版都是包叔的各种新闻。李英语更大可能就是不戴口罩像老百姓表明个心态。在北京他不戴别人还会戴，在云南下面不敢得罪他。可怜云南那些官僚，就和当初十四军一样，事后肯定要被包叔整了。--,EGCG, 2022年05月18日18:52:00,别 意淫 了 ， 今天 人民日报 通版 都 是 包叔 的 各种 新闻 。 李 英语 更大 可能 就是 不戴 口罩 像 老百姓 表明 个 心态 。 在 北京 他 不 戴 别人 还会 戴 ， 在 云南 下面 不敢 得罪 他 。 可怜 云南 那些 官僚 ， 就 和 当初 十四 军 一样 ， 事后 肯定 要 被包 叔整 了 。 --
64509563,64509563,做个昭通地区书记，每天上山下岗，访贫问寒，掀被子，揭盖子，解放这么多年了，群众们的生活还是这么苦，感动自己。--,harubashi, 2022年05月18日18:51:58,做个 昭通 地区 书记 ， 每天 上山 下岗 ， 访贫 问寒 ， 掀 被子 ， 揭盖子 ， 解放 这么 多年 了 ， 群众 们 的 生活 还是 这么 苦 ， 感动 自己 。 --
64509561,64509463,搞成功一个商业，哪有那么容易。可是，毁掉整整一个行业，也就数天最多数月时间；那些总想毁掉别人行业的人，不妨自已去试试，看能不能作成一个小作坊。--,flowflowflow, 2022年05月18日18:51:42,搞 成功 一个 商业 ， 哪有 那么 容易 。 可是 ， 毁掉 整整 一个 行业 ， 也 就 数天 最 多数 月 时间 ； 那些 总 想 毁掉 别人 行业 的 人 ， 不妨 自已 去 试试 ， 看能 不能 作成 一个 小作坊 。 --
64509559,64509559,薄书记应该是能和包子比狠的。降住包子没问题。--,crystalbull, 2022年05月18日18:51:22,薄 书记 应该 是 能 和 包子 比狠 的 。 降住 包子 没 问题 。 --
64509557,64508069,疮聚聚发动疮瘟病毒战给美帝掘墓，后无来者。【 在 alexsung (Keep your feet on the ground.) 的大作中提到: 】: 百年之后，美国的历史罪人是败灯还是床铺？--,georgebush41, 2022年05月18日18:50:35,疮 聚聚 发动 疮 瘟 病毒 战给 美帝 掘墓 ， 后无来者 。 【   在   alexsung   ( Keep   your   feet   on   the   ground . )   的 大作 中 提到 :   】 :   百年之后 ， 美国 的 历史 罪人 是 败灯 还是 床铺 ？ --
64509555,64509085,One of my ex-girlfriend is 昆明官渡区人....--,rustfan, 2022年05月18日18:48:47,One   of   my   ex - girlfriend   is   昆明 官渡区 人 ....--
64509553,64509525,弃老师喜欢吃哪种薯片？--,eNerd, 2022年05月18日18:48:45,弃 老师 喜欢 吃 哪种 薯片 ？ --
64509551,64509525,很多服务其实也是这样的--,EGCG, 2022年05月18日18:48:23,很多 服务 其实 也 是 这样 的 --
64509549,64494475,一开始他怀疑过与谈论中医有关，最后排除了？他的情况很操蛋的是不给个说法，起码的courtesy都没有【 在 thinkaout (想想) 的大作中提到: 】: 据他自己说，应该就是最近某一期节目，你可以找找看。据他托人去问的结果，大概就: 是自己节目太火，微博粉丝太多，好像4，5千万，党妈不容许体制外的自媒体有这么高: 的影响力。--※ 修改:·fmj 於 May 18 18:50:17 2022 修改本文·[FROM: 2600:8807:c241:b],fmj, 2022年05月18日18:48:07,一 开始 他 怀疑 过 与 谈论 中医 有关 ， 最后 排除 了 ？ 他 的 情况 很 操蛋 的 是 不 给 个 说法 ， 起码 的 courtesy 都 没有 【   在   thinkaout   ( 想想 )   的 大作 中 提到 :   】 :   据 他 自己 说 ， 应该 就是 最近 某 一期 节目 ， 你 可以 找找看 。 据 他 托人 去 问 的 结果 ， 大概 就 :   是 自己 节目 太火 ， 微博 粉丝 太 多 ， 好像 4 ， 5 千万 ， 党妈 不容许 体制 外 的 自 媒体 有 这么 高 :   的 影响力 。 -- ※   修改 : · fmj   於   May   18   18 : 50 : 17   2022   修改 本文 · [ FROM :   2600 : 8807 : c241 : b ]
64509547,64509283,男克不丑，但他女儿七二烯确实不好看。【 在 TheMatrix(TheMatrix) 的大作中提到: 】<br>: 男克丑吗？<br>--,mandai, 2022年05月18日18:47:57,男克 不 丑 ， 但 他 女儿 七二烯 确实 不 好看 。 【   在   TheMatrix ( TheMatrix )   的 大作 中 提到 :   】 < br > :   男克丑 吗 ？ < br > --
64509545,64509493,泡菜本来就应该是便宜货，中超卖十几块就是抢钱。实在不行，我只能改吃德国泡菜了，没有辣椒，还更健康些。【 在 AprilWind (Farmall) 的大作中提到: 】: 你这泡菜够便宜了，记得几年前中国超市里的kimchi就十几块，考司考怎么这么便宜？--,alexsung, 2022年05月18日18:47:48,泡菜 本来 就 应该 是 便宜货 ， 中超卖 十几块 就是 抢钱 。 实在 不行 ， 我 只能 改吃 德国 泡菜 了 ， 没有 辣椒 ， 还 更 健康 些 。 【   在   AprilWind   ( Farmall )   的 大作 中 提到 :   】 :   你 这 泡菜 够 便宜 了 ， 记得 几年 前 中国 超市 里 的 kimchi 就 十几块 ， 考司 考 怎么 这么 便宜 ？ --
64509543,64509231,哈哈，合法山寨 .....以后回俄罗斯，发现商标被抢注了--,costco, 2022年05月18日18:47:01,哈哈 ， 合法 山寨   ..... 以后 回 俄罗斯 ， 发现 商标 被 抢注 了 --
64509541,64509387,我昨天刚喝的冰镇西瓜汁【 在 suzziezhu (hah) 的大作中提到: 】: 洗脚哥的weee上面有机小西瓜6.99，还行。。。--,Cadillaclee, 2022年05月18日18:46:30,我 昨天 刚 喝 的 冰镇 西瓜汁 【   在   suzziezhu   ( hah )   的 大作 中 提到 :   】 :   洗脚 哥 的 weee 上面 有机 小 西瓜 6.99 ， 还 行 。 。 。 --
64509539,64509539,。--,YrMomsIstBF, 2022年05月18日18:46:27,。 --
64509537,64509507,通话中沙利文突然对杨洁篪提出肛交要求--,kazan, 2022年05月18日18:46:23,通话 中 沙利文 突然 对 杨洁篪 提出 肛交 要求 --
64509535,64509463,没戏，看看今天的人民日报，头版基本都是包叔。--,EGCG, 2022年05月18日18:46:22,没戏 ， 看看 今天 的 人民日报 ， 头版 基本 都 是 包叔 。 --
64509533,64509519,十块，还是三十块的时候才能达到骑驴的水平？五块似乎没什么大影响嘛。【 在 Cadillaclee (cadillaclee) 的大作中提到: 】: 尼玛，到时美国人骑驴上街--,AprilWind, 2022年05月18日18:46:19,十块 ， 还是 三十块 的 时候 才能 达到 骑驴 的 水平 ？ 五块 似乎 没什么 大 影响 嘛 。 【   在   Cadillaclee   ( cadillaclee )   的 大作 中 提到 :   】 :   尼玛 ， 到 时 美国 人 骑驴 上街 --
64509531,64509507,会有那天的。但是现在还没到那一步。目前美国仍然是攻势，我鳖是防守。【 在 costco (我是一袋天蕉) 的大作中提到: 】: 美帝准备把台湾扔出来做筹码了？--☆ 发自 Android 大灌 20.11.08--,iioooo, 2022年05月18日18:45:33,会 有 那天 的 。 但是 现在 还 没到 那 一步 。 目前 美国 仍然 是 攻势 ， 我 鳖 是 防守 。 【   在   costco   ( 我 是 一袋 天蕉 )   的 大作 中 提到 :   】 :   美帝 准备 把 台湾 扔出来 做 筹码 了 ？ -- ☆   发自   Android   大灌   20.11 . 08 --
64509529,64509519,白等现在心里烧了火了，可是不知道怎么办--,costco, 2022年05月18日18:45:19,白等 现在 心里 烧 了 火 了 ， 可是 不 知道 怎么办 --
64509527,64509493,你这泡菜够便宜了，记得几年前中国超市里的kimchi就十几块，考司考怎么这么便宜？--,AprilWind, 2022年05月18日18:45:08,你 这 泡菜 够 便宜 了 ， 记得 几年 前 中国 超市 里 的 kimchi 就 十几块 ， 考司 考 怎么 这么 便宜 ？ --
64509525,64509525,这一点跟很多专家预测的不一样比如这个lays的烂薯片，以前一块多钱一袋的时候，货架都是乱七八糟的，屁民到处翻找没有压碎的薯片袋你妈现在涨到4块钱一袋，屁民再也不吃了，货架上整整齐齐地码放着薯片袋，根本没人翻找，连他妈多看一眼的人都没有所以啊，别指望涨价后只是降低销量，其实很多产品涨价后是要崩盘的--※ 修改:·pty5 於 May 18 18:45:16 2022 修改本文·[FROM: 24.],pty5, 2022年05月18日18:44:24,这 一点 跟 很多 专家 预测 的 不 一样 比如 这个 lays 的 烂 薯片 ， 以前 一块 多钱 一袋 的 时候 ， 货架 都 是 乱七八糟 的 ， 屁民 到处 翻找 没有 压碎 的 薯片 袋 你 妈 现在 涨到 4 块钱 一袋 ， 屁民 再也 不吃 了 ， 货架 上 整整齐齐 地 码放 着 薯片 袋 ， 根本 没 人 翻找 ， 连 他 妈 多 看 一眼 的 人 都 没有 所以 啊 ， 别 指望 涨价 后 只是 降低 销量 ， 其实 很多 产品 涨价 后 是 要 崩盘 的 -- ※   修改 : · pty5   於   May   18   18 : 45 : 16   2022   修改 本文 · [ FROM :   24 . ]
64509523,64509519,尼玛，到时美国人骑驴上街【 在 AprilWind (Farmall) 的大作中提到: 】: 五块钱的油价看来大家还能接受，也没出反革命，还是不利于减排。油到了10刀的时候: ，应该能达到部分减排目的吗？30块的时候，减排应该就明显了吧？--,Cadillaclee, 2022年05月18日18:44:13,尼玛 ， 到 时 美国 人 骑驴 上街 【   在   AprilWind   ( Farmall )   的 大作 中 提到 :   】 :   五块 钱 的 油价 看来 大家 还 能 接受 ， 也 没出 反革命 ， 还是 不利于 减排 。 油到 了 10 刀 的 时候 :   ， 应该 能 达到 部分 减排 目的 吗 ？ 30 块 的 时候 ， 减排 应该 就 明显 了 吧 ？ --
64509521,64509393,【 在 keystone0504 (飞翔之父) 的大作中提到: 】: 建文帝父子在昆明被吴三贵一起勒死服了金牛你的历史了--,xlzero, 2022年05月18日18:43:45,【   在   keystone0504   ( 飞翔 之 父 )   的 大作 中 提到 :   】 :   建文帝 父子 在 昆明 被 吴三贵 一起 勒死 服 了 金牛 你 的 历史 了 --
64509519,64509519,五块钱的油价看来大家还能接受，也没出反革命，还是不利于减排。油到了10刀的时候，应该能达到部分减排目的吗？30块的时候，减排应该就明显了吧？--,AprilWind, 2022年05月18日18:43:31,五块 钱 的 油价 看来 大家 还 能 接受 ， 也 没出 反革命 ， 还是 不利于 减排 。 油到 了 10 刀 的 时候 ， 应该 能 达到 部分 减排 目的 吗 ？ 30 块 的 时候 ， 减排 应该 就 明显 了 吧 ？ --
64509517,64509493,不吃泡菜，不care--,costco, 2022年05月18日18:43:24,不吃 泡菜 ， 不 care --
64509515,64509493,Costco 哪个区坷域卖kimchi???--,Kuaidao, 2022年05月18日18:43:22,Costco   哪个 区坷域 卖 kimchi ? ? ? --
64509513,64509507,美帝准备把台湾扔出来做筹码了？--,costco, 2022年05月18日18:42:58,美帝 准备 把 台湾 扔出来 做 筹码 了 ？ --
64509511,64509493,美元是真不值钱了。【 在 alexsung (Keep your feet on the ground.) 的大作中提到: 】: 扣死扣卖的朝鲜泡菜都涨到7.99了，往年才4.99。泥马的，连白粥+泡菜自由都不能实: 现了。难道要自己动手做泡菜？--,Cadillaclee, 2022年05月18日18:42:45,美元 是 真 不值钱 了 。 【   在   alexsung   ( Keep   your   feet   on   the   ground . )   的 大作 中 提到 :   】 :   扣 死扣 卖 的 朝鲜泡菜 都 涨 到 7.99 了 ， 往年 才 4.99 。 泥马 的 ， 连 白粥 + 泡菜 自由 都 不能 实 :   现了 。 难道 要 自己 动手做 泡菜 ？ --
64509509,64509471,老鹰被吃鱿鱼圈了--,catCharles, 2022年05月18日18:41:27,老鹰 被 吃 鱿鱼 圈 了 --
64509507,64509507,杨洁篪应约同美国总统国家安全事务助理沙利文通电话2022年5月18日，中共中央政治局委员、中央外事工作委员会办公室主任杨洁篪应约同美国总统国家安全事务助理沙利文通电话。杨洁篪表示，一段时间以来，美方采取一系列干涉中国内政、损害中方利益的错误言行，中方对此坚决反对并予以有力应对。美方应当言行一致，将相关承诺落实到具体政策和行动中去，与中方相向而行，妥善管控分歧，多做建设性的事，推动中美关系重回健康稳定发展的正确轨道。--☆ 发自 Android 大灌 20.11.08--,iioooo, 2022年05月18日18:41:09,杨洁篪 应约 同 美国 总统 国家 安全 事务 助理 沙利文 通电话 2022 年 5 月 18 日 ， 中共中央政治局 委员 、 中央 外事 工作 委员会 办公室 主任 杨洁篪 应约 同 美国 总统 国家 安全 事务 助理 沙利文 通电话 。 杨洁篪 表示 ， 一段时间 以来 ， 美方 采取 一系列 干涉 中国 内政 、 损害 中方 利益 的 错误 言行 ， 中方 对此 坚决 反对 并 予以 有力 应对 。 美方 应当 言行一致 ， 将 相关 承诺 落实 到 具体 政策 和 行动 中 去 ， 与 中方 相向 而行 ， 妥善 管控 分歧 ， 多 做 建设性 的 事 ， 推动 中美关系 重回 健康 稳定 发展 的 正确轨道 。 -- ☆   发自   Android   大灌   20.11 . 08 --
64509505,64509303,智障开始了--,costco, 2022年05月18日18:41:09,智障 开始 了 --
64509501,64509231,不错，毛子的脑瓜子终于开始活络了。--,alexsung, 2022年05月18日18:40:51,不错 ， 毛子 的 脑瓜子 终于 开始 活络 了 。 --
64509499,64509437,就李熊猫那德性，被丽江小妹子扇两个嘴巴，就老实了。【 在 ghnc (ghnc) 的大作中提到: 】: 搞个第二中央--,Cadillaclee, 2022年05月18日18:40:45,就 李 熊猫 那 德性 ， 被 丽江 小妹子 扇 两个 嘴巴 ， 就 老实 了 。 【   在   ghnc   ( ghnc )   的 大作 中 提到 :   】 :   搞个 第二 中央 --
64509497,64509497,虞姬应该说服项羽，过江东，东山再起。英雄啊！--※ 修改:·XS333 於 May 18 18:43:45 2022 修改本文·[FROM: 100.],XS333, 2022年05月18日18:40:04,虞姬 应该 说服 项羽 ， 过 江东 ， 东山再起 。 英雄 啊 ！ -- ※   修改 : · XS333   於   May   18   18 : 43 : 45   2022   修改 本文 · [ FROM :   100 . ]
64509495,64508249,为国争光。--,dygr, 2022年05月18日18:39:49,为国争光 。 --
64509493,64509493,扣死扣卖的朝鲜泡菜都涨到7.99了，往年才4.99。泥马的，连白粥+泡菜自由都不能实现了。难道要自己动手做泡菜？--,alexsung, 2022年05月18日18:39:36,扣 死扣 卖 的 朝鲜泡菜 都 涨 到 7.99 了 ， 往年 才 4.99 。 泥马 的 ， 连 白粥 + 泡菜 自由 都 不能 实现 了 。 难道 要 自己 动手做 泡菜 ？ --
64509491,64508995,看天津红忠那样的做法，包叔又不像失势的样子。70%可能是李英语破罐破摔，想在全国人民面前和包叔划清界线。--,EGCG, 2022年05月18日18:39:06,看 天津 红忠 那样 的 做法 ， 包叔 又 不 像 失势 的 样子 。 70% 可能 是 李 英语 破罐破摔 ， 想 在 全国 人民 面前 和 包叔 划清界线 。 --
64509489,64509393,那不是建文帝吧 LOL 好像是永历帝【 在 keystone0504 (飞翔之父) 的大作中提到: 】: 建文帝父子在昆明被吴三贵一起勒死--,lubbock12, 2022年05月18日18:37:28,那 不是 建文帝 吧   LOL   好像 是 永历帝 【   在   keystone0504   ( 飞翔 之 父 )   的 大作 中 提到 :   】 :   建文帝 父子 在 昆明 被 吴三贵 一起 勒死 --
64509487,64509465,“老板给我来碗忘情牛肉面不放眼泪不放痛”--,catCharles, 2022年05月18日18:37:20,“ 老板 给 我 来 碗 忘情 牛肉面 不 放 眼泪 不放痛 ” --
64509485,64509085,叔一次去半年，这些都去了【 在 keystone0504 (飞翔之父) 的大作中提到: 】: 板纳丽江之类的你去了没有: 【 在 lsunspot (小手) 的大作中提到: 】: : 叔工作需要云南出长差很多次--☆ 发自 iPhone 大灌 20.11.08--,lsunspot, 2022年05月18日18:36:56,叔 一次 去 半年 ， 这些 都 去 了 【   在   keystone0504   ( 飞翔 之 父 )   的 大作 中 提到 :   】 :   板纳 丽江 之类 的 你 去 了 没有 :   【   在   lsunspot   ( 小手 )   的 大作 中 提到 :   】 :   :   叔 工作 需要 云南 出长 差 很 多次 -- ☆   发自   iPhone   大灌   20.11 . 08 --
64509483,64509303,You will own nothing and you will be happy.--,AbuHajaar, 2022年05月18日18:36:44,You   will   own   nothing   and   you   will   be   happy .--
64509481,64509383,"顿巴斯面积只占乌克兰总面积的10%, 就是顿巴斯地区目前还有一半掌握在乌克兰手里。--",tnc, 2022年05月18日18:36:36,"顿巴斯 面积 只 占 乌克兰 总面积 的 10% ,   就是 顿巴斯 地区 目前 还有 一半 掌握 在 乌克兰 手里 。 --"
64509479,64509383,我没看错吧，老将都说乌克兰天天大捷，已逼近莫斯科--☆ 发自 iPhone 买买提 1.24.11--,pressconf, 2022年05月18日18:36:25,我 没 看 错 吧 ， 老将 都 说 乌克兰 天天 大捷 ， 已 逼近 莫斯科 -- ☆   发自   iPhone   买买提   1.24 . 11 --
64509477,64509303,上个月还能在郊区找到4块多的汽油你妈这个月开始即使最偏僻的郊区，汽油都5块多了他妈的--,pty5, 2022年05月18日18:36:25,上个月 还 能 在 郊区 找到 4 块 多 的 汽油 你 妈 这个 月 开始 即使 最 偏僻 的 郊区 ， 汽油 都 5 块 多 了 他妈的 --
64509475,64508995,两种可能，一是包叔失势；第二就是李英语二十大以后不想干了，像老赵一样到学生那里说几句话，表明一个态度。--,EGCG, 2022年05月18日18:36:25,两种 可能 ， 一是 包叔 失势 ； 第二 就是 李 英语 二十大 以后 不想 干 了 ， 像 老 赵 一样 到 学生 那里 说 几句话 ， 表明 一个 态度 。 --
64509473,64509383,"顿巴斯面积只占乌克兰总面积的10%, 目前还有一半掌握在乌克兰手里。--",tnc, 2022年05月18日18:36:18,"顿巴斯 面积 只 占 乌克兰 总面积 的 10% ,   目前 还有 一半 掌握 在 乌克兰 手里 。 --"
